,flag_url
186,https://cdn.countryflags.com/thumbs/united-states-of-america/flag-800.png
80,https://cdn.countryflags.com/thumbs/india/flag-800.png
63,https://cdn.countryflags.com/thumbs/france/flag-800.png
67,https://cdn.countryflags.com/thumbs/germany/flag-800.png
24,https://cdn.countryflags.com/thumbs/brazil/flag-800.png
165,https://cdn.countryflags.com/thumbs/south-korea/flag-800.png
190,https://cdn.countryflags.com/thumbs/united-kingdom/flag-800.png
86,https://cdn.countryflags.com/thumbs/italy/flag-800.png
88,https://cdn.countryflags.com/thumbs/japan/flag-800.png
146,https://cdn.countryflags.com/thumbs/russia/flag-800.png
184,https://cdn.countryflags.com/thumbs/turkey/flag-800.png
167,https://cdn.countryflags.com/thumbs/spain/flag-800.png
195,https://cdn.countryflags.com/thumbs/vietnam/flag-800.png
9,https://cdn.countryflags.com/thumbs/australia/flag-800.png
7,https://cdn.countryflags.com/thumbs/argentina/flag-800.png
127,https://cdn.countryflags.com/thumbs/netherlands/flag-800.png
175,https://cdn.countryflags.com/thumbs/taiwan/flag-800.png
82,https://cdn.countryflags.com/thumbs/iran/flag-800.png
116,https://cdn.countryflags.com/thumbs/mexico/flag-800.png
81,https://cdn.countryflags.com/thumbs/indonesia/flag-800.png
142,https://cdn.countryflags.com/thumbs/poland/flag-800.png
38,https://cdn.countryflags.com/thumbs/colombia/flag-800.png
188,https://cdn.countryflags.com/thumbs/ukraine/flag-800.png
143,https://cdn.countryflags.com/thumbs/portugal/flag-800.png
10,https://cdn.countryflags.com/thumbs/austria/flag-800.png
69,https://cdn.countryflags.com/thumbs/greece/flag-800.png
109,https://cdn.countryflags.com/thumbs/malaysia/flag-800.png
36,https://cdn.countryflags.com/thumbs/chile/flag-800.png
178,https://cdn.countryflags.com/thumbs/thailand/flag-800.png
85,https://cdn.countryflags.com/thumbs/israel/flag-800.png
17,https://cdn.countryflags.com/thumbs/belgium/flag-800.png
33,https://cdn.countryflags.com/thumbs/canada/flag-800.png
173,https://cdn.countryflags.com/thumbs/switzerland/flag-800.png
140,https://cdn.countryflags.com/thumbs/peru/flag-800.png
47,https://cdn.countryflags.com/thumbs/czechia/flag-800.png
164,https://cdn.countryflags.com/thumbs/south-africa/flag-800.png
141,https://cdn.countryflags.com/thumbs/philippines/flag-800.png
48,https://cdn.countryflags.com/thumbs/denmark/flag-800.png
145,https://cdn.countryflags.com/thumbs/romania/flag-800.png
37,https://cdn.countryflags.com/thumbs/china/flag-800.png
160,https://cdn.countryflags.com/thumbs/slovakia/flag-800.png
172,https://cdn.countryflags.com/thumbs/sweden/flag-800.png
83,https://cdn.countryflags.com/thumbs/iraq/flag-800.png
156,https://cdn.countryflags.com/thumbs/serbia/flag-800.png
78,https://cdn.countryflags.com/thumbs/hungary/flag-800.png
159,https://cdn.countryflags.com/thumbs/singapore/flag-800.png
14,https://cdn.countryflags.com/thumbs/bangladesh/flag-800.png
128,https://cdn.countryflags.com/thumbs/new-zealand/flag-800.png
66,https://cdn.countryflags.com/thumbs/georgia/flag-800.png
89,https://cdn.countryflags.com/thumbs/jordan/flag-800.png
84,https://cdn.countryflags.com/thumbs/ireland/flag-800.png
135,https://cdn.countryflags.com/thumbs/pakistan/flag-800.png
90,https://cdn.countryflags.com/thumbs/kazakhstan/flag-800.png
133,https://cdn.countryflags.com/thumbs/norway/flag-800.png
62,https://cdn.countryflags.com/thumbs/finland/flag-800.png
26,https://cdn.countryflags.com/thumbs/bulgaria/flag-800.png
104,https://cdn.countryflags.com/thumbs/lithuania/flag-800.png
122,https://cdn.countryflags.com/thumbs/morocco/flag-800.png
44,https://cdn.countryflags.com/thumbs/croatia/flag-800.png
161,https://cdn.countryflags.com/thumbs/slovenia/flag-800.png
99,https://cdn.countryflags.com/thumbs/lebanon/flag-800.png
183,https://cdn.countryflags.com/thumbs/tunisia/flag-800.png
71,https://cdn.countryflags.com/thumbs/guatemala/flag-800.png
42,https://cdn.countryflags.com/thumbs/costa-rica/flag-800.png
45,https://cdn.countryflags.com/thumbs/cuba/flag-800.png
21,https://cdn.countryflags.com/thumbs/bolivia/flag-800.png
189,https://cdn.countryflags.com/thumbs/united-arab-emirates/flag-800.png
53,https://cdn.countryflags.com/thumbs/ecuador/flag-800.png
126,https://cdn.countryflags.com/thumbs/nepal/flag-800.png
16,https://cdn.countryflags.com/thumbs/belarus/flag-800.png
137,https://cdn.countryflags.com/thumbs/panama/flag-800.png
191,https://cdn.countryflags.com/thumbs/uruguay/flag-800.png
120,https://cdn.countryflags.com/thumbs/mongolia/flag-800.png
98,https://cdn.countryflags.com/thumbs/latvia/flag-800.png
154,https://cdn.countryflags.com/thumbs/saudi-arabia/flag-800.png
11,https://cdn.countryflags.com/thumbs/azerbaijan/flag-800.png
139,https://cdn.countryflags.com/thumbs/paraguay/flag-800.png
196,https://cdn.countryflags.com/thumbs/west-bank-and-gaza/flag-800.png
13,https://cdn.countryflags.com/thumbs/bahrain/flag-800.png
168,https://cdn.countryflags.com/thumbs/sri-lanka/flag-800.png
95,https://cdn.countryflags.com/thumbs/kuwait/flag-800.png
52,https://cdn.countryflags.com/thumbs/dominican-republic/flag-800.png
28,https://cdn.countryflags.com/thumbs/burma/flag-800.png
58,https://cdn.countryflags.com/thumbs/estonia/flag-800.png
46,https://cdn.countryflags.com/thumbs/cyprus/flag-800.png
118,https://cdn.countryflags.com/thumbs/moldova/flag-800.png
194,https://cdn.countryflags.com/thumbs/venezuela/flag-800.png
54,https://cdn.countryflags.com/thumbs/egypt/flag-800.png
102,https://cdn.countryflags.com/thumbs/libya/flag-800.png
60,https://cdn.countryflags.com/thumbs/ethiopia/flag-800.png
144,https://cdn.countryflags.com/thumbs/qatar/flag-800.png
77,https://cdn.countryflags.com/thumbs/honduras/flag-800.png
8,https://cdn.countryflags.com/thumbs/armenia/flag-800.png
22,https://cdn.countryflags.com/thumbs/bosnia-and-herzegovina/flag-800.png
134,https://cdn.countryflags.com/thumbs/oman/flag-800.png
132,https://cdn.countryflags.com/thumbs/north-macedonia/flag-800.png
91,https://cdn.countryflags.com/thumbs/kenya/flag-800.png
199,https://cdn.countryflags.com/thumbs/zambia/flag-800.png
1,https://cdn.countryflags.com/thumbs/albania/flag-800.png
23,https://cdn.countryflags.com/thumbs/botswana/flag-800.png
105,https://cdn.countryflags.com/thumbs/luxembourg/flag-800.png
121,https://cdn.countryflags.com/thumbs/montenegro/flag-800.png
94,https://cdn.countryflags.com/thumbs/kosovo/flag-800.png
2,https://cdn.countryflags.com/thumbs/algeria/flag-800.png
115,https://cdn.countryflags.com/thumbs/mauritius/flag-800.png
131,https://cdn.countryflags.com/thumbs/nigeria/flag-800.png
200,https://cdn.countryflags.com/thumbs/zimbabwe/flag-800.png
192,https://cdn.countryflags.com/thumbs/uzbekistan/flag-800.png
25,https://cdn.countryflags.com/thumbs/brunei/flag-800.png
123,https://cdn.countryflags.com/thumbs/mozambique/flag-800.png
97,https://cdn.countryflags.com/thumbs/laos/flag-800.png
79,https://cdn.countryflags.com/thumbs/iceland/flag-800.png
96,https://cdn.countryflags.com/thumbs/kyrgyzstan/flag-800.png
55,https://cdn.countryflags.com/thumbs/el-salvador/flag-800.png
110,https://cdn.countryflags.com/thumbs/maldives/flag-800.png
182,https://cdn.countryflags.com/thumbs/trinidad-and-tobago/flag-800.png
68,https://cdn.countryflags.com/thumbs/ghana/flag-800.png
124,https://cdn.countryflags.com/thumbs/namibia/flag-800.png
187,https://cdn.countryflags.com/thumbs/uganda/flag-800.png
87,https://cdn.countryflags.com/thumbs/jamaica/flag-800.png
31,https://cdn.countryflags.com/thumbs/cambodia/flag-800.png
147,https://cdn.countryflags.com/thumbs/rwanda/flag-800.png
32,https://cdn.countryflags.com/thumbs/cameroon/flag-800.png
112,https://cdn.countryflags.com/thumbs/malta/flag-800.png
15,https://cdn.countryflags.com/thumbs/barbados/flag-800.png
4,https://cdn.countryflags.com/thumbs/angola/flag-800.png
41,https://cdn.countryflags.com/thumbs/congo-(kinshasa)/flag-800.png
155,https://cdn.countryflags.com/thumbs/senegal/flag-800.png
108,https://cdn.countryflags.com/thumbs/malawi/flag-800.png
43,https://cdn.countryflags.com/thumbs/cote-d'ivoire/flag-800.png
171,https://cdn.countryflags.com/thumbs/suriname/flag-800.png
59,https://cdn.countryflags.com/thumbs/eswatini/flag-800.png
74,https://cdn.countryflags.com/thumbs/guyana/flag-800.png
18,https://cdn.countryflags.com/thumbs/belize/flag-800.png
61,https://cdn.countryflags.com/thumbs/fiji/flag-800.png
107,https://cdn.countryflags.com/thumbs/madagascar/flag-800.png
169,https://cdn.countryflags.com/thumbs/sudan/flag-800.png
114,https://cdn.countryflags.com/thumbs/mauritania/flag-800.png
30,https://cdn.countryflags.com/thumbs/cabo-verde/flag-800.png
20,https://cdn.countryflags.com/thumbs/bhutan/flag-800.png
174,https://cdn.countryflags.com/thumbs/syria/flag-800.png
29,https://cdn.countryflags.com/thumbs/burundi/flag-800.png
157,https://cdn.countryflags.com/thumbs/seychelles/flag-800.png
64,https://cdn.countryflags.com/thumbs/gabon/flag-800.png
3,https://cdn.countryflags.com/thumbs/andorra/flag-800.png
138,https://cdn.countryflags.com/thumbs/papua-new-guinea/flag-800.png
177,https://cdn.countryflags.com/thumbs/tanzania/flag-800.png
180,https://cdn.countryflags.com/thumbs/togo/flag-800.png
72,https://cdn.countryflags.com/thumbs/guinea/flag-800.png
12,https://cdn.countryflags.com/thumbs/bahamas/flag-800.png
100,https://cdn.countryflags.com/thumbs/lesotho/flag-800.png
75,https://cdn.countryflags.com/thumbs/haiti/flag-800.png
111,https://cdn.countryflags.com/thumbs/mali/flag-800.png
149,https://cdn.countryflags.com/thumbs/saint-lucia/flag-800.png
19,https://cdn.countryflags.com/thumbs/benin/flag-800.png
163,https://cdn.countryflags.com/thumbs/somalia/flag-800.png
40,https://cdn.countryflags.com/thumbs/congo-(brazzaville)/flag-800.png
179,https://cdn.countryflags.com/thumbs/timor-leste/flag-800.png
117,https://cdn.countryflags.com/thumbs/micronesia/flag-800.png
152,https://cdn.countryflags.com/thumbs/san-marino/flag-800.png
27,https://cdn.countryflags.com/thumbs/burkina-faso/flag-800.png
162,https://cdn.countryflags.com/thumbs/solomon-islands/flag-800.png
103,https://cdn.countryflags.com/thumbs/liechtenstein/flag-800.png
70,https://cdn.countryflags.com/thumbs/grenada/flag-800.png
166,https://cdn.countryflags.com/thumbs/south-sudan/flag-800.png
176,https://cdn.countryflags.com/thumbs/tajikistan/flag-800.png
56,https://cdn.countryflags.com/thumbs/equatorial-guinea/flag-800.png
181,https://cdn.countryflags.com/thumbs/tonga/flag-800.png
151,https://cdn.countryflags.com/thumbs/samoa/flag-800.png
51,https://cdn.countryflags.com/thumbs/dominica/flag-800.png
50,https://cdn.countryflags.com/thumbs/djibouti/flag-800.png
113,https://cdn.countryflags.com/thumbs/marshall-islands/flag-800.png
34,https://cdn.countryflags.com/thumbs/central-african-republic/flag-800.png
129,https://cdn.countryflags.com/thumbs/nicaragua/flag-800.png
119,https://cdn.countryflags.com/thumbs/monaco/flag-800.png
65,https://cdn.countryflags.com/thumbs/gambia/flag-800.png
193,https://cdn.countryflags.com/thumbs/vanuatu/flag-800.png
198,https://cdn.countryflags.com/thumbs/yemen/flag-800.png
57,https://cdn.countryflags.com/thumbs/eritrea/flag-800.png
150,https://cdn.countryflags.com/thumbs/saint-vincent-and-the-grenadines/flag-800.png
130,https://cdn.countryflags.com/thumbs/niger/flag-800.png
6,https://cdn.countryflags.com/thumbs/antigua-and-barbuda/flag-800.png
39,https://cdn.countryflags.com/thumbs/comoros/flag-800.png
73,https://cdn.countryflags.com/thumbs/guinea-bissau/flag-800.png
101,https://cdn.countryflags.com/thumbs/liberia/flag-800.png
158,https://cdn.countryflags.com/thumbs/sierra-leone/flag-800.png
35,https://cdn.countryflags.com/thumbs/chad/flag-800.png
148,https://cdn.countryflags.com/thumbs/saint-kitts-and-nevis/flag-800.png
153,https://cdn.countryflags.com/thumbs/sao-tome-and-principe/flag-800.png
136,https://cdn.countryflags.com/thumbs/palau/flag-800.png
125,https://cdn.countryflags.com/thumbs/nauru/flag-800.png
92,https://cdn.countryflags.com/thumbs/kiribati/flag-800.png
170,https://cdn.countryflags.com/thumbs/summer-olympics-2020/flag-800.png
49,https://cdn.countryflags.com/thumbs/diamond-princess/flag-800.png
197,https://cdn.countryflags.com/thumbs/winter-olympics-2022/flag-800.png
185,https://cdn.countryflags.com/thumbs/tuvalu/flag-800.png
76,https://cdn.countryflags.com/thumbs/holy-see/flag-800.png
5,https://cdn.countryflags.com/thumbs/antarctica/flag-800.png
106,https://cdn.countryflags.com/thumbs/ms-zaandam/flag-800.png
93,"https://cdn.countryflags.com/thumbs/korea,-north/flag-800.png"
235,https://cdn.countryflags.com/thumbs/the-gambia/flag-800.png
226,https://cdn.countryflags.com/thumbs/greenland/flag-800.png
227,https://cdn.countryflags.com/thumbs/guadeloupe/flag-800.png
228,https://cdn.countryflags.com/thumbs/guam/flag-800.png
229,https://cdn.countryflags.com/thumbs/guernsey/flag-800.png
230,https://cdn.countryflags.com/thumbs/jersey/flag-800.png
231,https://cdn.countryflags.com/thumbs/mayotte/flag-800.png
232,https://cdn.countryflags.com/thumbs/puerto-rico/flag-800.png
233,https://cdn.countryflags.com/thumbs/republic-of-the-congo/flag-800.png
234,https://cdn.countryflags.com/thumbs/the-bahamas/flag-800.png
224,https://cdn.countryflags.com/thumbs/vatican-city/flag-800.png
245,https://cdn.countryflags.com/thumbs/st.-martin/flag-800.png
236,https://cdn.countryflags.com/thumbs/ivory-coast/flag-800.png
237,https://cdn.countryflags.com/thumbs/cayman-islands/flag-800.png
238,"https://cdn.countryflags.com/thumbs/bahamas,-the/flag-800.png"
239,"https://cdn.countryflags.com/thumbs/gambia,-the/flag-800.png"
240,https://cdn.countryflags.com/thumbs/-azerbaijan/flag-800.png
241,https://cdn.countryflags.com/thumbs/north-ireland/flag-800.png
242,https://cdn.countryflags.com/thumbs/curacao/flag-800.png
243,https://cdn.countryflags.com/thumbs/cape-verde/flag-800.png
244,https://cdn.countryflags.com/thumbs/east-timor/flag-800.png
225,https://cdn.countryflags.com/thumbs/aruba/flag-800.png
211,https://cdn.countryflags.com/thumbs/macao-sar/flag-800.png
223,https://cdn.countryflags.com/thumbs/palestine/flag-800.png
210,https://cdn.countryflags.com/thumbs/iran-(islamic-republic-of)/flag-800.png
201,https://cdn.countryflags.com/thumbs/hong-kong/flag-800.png
202,https://cdn.countryflags.com/thumbs/macau/flag-800.png
203,https://cdn.countryflags.com/thumbs/others/flag-800.png
204,https://cdn.countryflags.com/thumbs/channel-islands/flag-800.png
205,https://cdn.countryflags.com/thumbs/czech-republic/flag-800.png
206,https://cdn.countryflags.com/thumbs/faroe-islands/flag-800.png
207,https://cdn.countryflags.com/thumbs/french-guiana/flag-800.png
208,https://cdn.countryflags.com/thumbs/gibraltar/flag-800.png
209,https://cdn.countryflags.com/thumbs/hong-kong-sar/flag-800.png
212,https://cdn.countryflags.com/thumbs/martinique/flag-800.png
222,https://cdn.countryflags.com/thumbs/reunion/flag-800.png
213,https://cdn.countryflags.com/thumbs/republic-of-korea/flag-800.png
214,https://cdn.countryflags.com/thumbs/republic-of-moldova/flag-800.png
215,https://cdn.countryflags.com/thumbs/russian-federation/flag-800.png
216,https://cdn.countryflags.com/thumbs/saint-barthelemy/flag-800.png
217,https://cdn.countryflags.com/thumbs/saint-martin/flag-800.png
218,https://cdn.countryflags.com/thumbs/taipei-and-environs/flag-800.png
219,https://cdn.countryflags.com/thumbs/viet-nam/flag-800.png
220,https://cdn.countryflags.com/thumbs/occupied-palestinian-territory/flag-800.png
221,https://cdn.countryflags.com/thumbs/cruise-ship/flag-800.png
246,https://cdn.countryflags.com/thumbs/republic-of-ireland/flag-800.png
